dataset_type,brand,theme,theme_es,n_reviews,average_rating,median_rating,pct_1_2_star,pct_4_5_star,helpful_votes_mean,n_reviews_total_brand,share_of_reviews
comparable_final_3000,Chess.com,account_access,Cuenta y acceso,33,2.0303030303030303,1.0,0.696969696969697,0.24242424242424243,0.5454545454545454,1500,0.022
comparable_final_3000,Chess.com,ads_pricing_premium,"Anuncios, precio y premium",71,3.3098591549295775,4.0,0.352112676056338,0.5915492957746479,4.211267605633803,1500,0.04733333333333333
comparable_final_3000,Chess.com,analysis_tools,Análisis y herramientas,30,3.7666666666666666,4.0,0.2,0.7,2.7666666666666666,1500,0.02
comparable_final_3000,Chess.com,community_tournaments_social,"Comunidad, torneos y social",49,3.9183673469387754,5.0,0.20408163265306123,0.7346938775510204,0.3877551020408163,1500,0.03266666666666666
comparable_final_3000,Chess.com,developer_support,Soporte y respuesta del desarrollador,18,2.3333333333333335,1.5,0.6666666666666666,0.2777777777777778,2.611111111111111,1500,0.012
comparable_final_3000,Chess.com,fair_play_moderation,"Fair play, trampas y moderación",36,1.5,1.0,0.8888888888888888,0.08333333333333333,1.1666666666666667,1500,0.024
comparable_final_3000,Chess.com,gameplay_matchmaking,Jugabilidad y emparejamiento,96,3.2083333333333335,4.0,0.3958333333333333,0.53125,2.5520833333333335,1500,0.064
comparable_final_3000,Chess.com,interface_usability,Interfaz y usabilidad,27,3.6296296296296298,4.0,0.25925925925925924,0.7407407407407407,0.18518518518518517,1500,0.018
comparable_final_3000,Chess.com,performance_stability,"Rendimiento, estabilidad y fallos",46,2.0434782608695654,1.0,0.6739130434782609,0.2391304347826087,0.6304347826086957,1500,0.030666666666666665
comparable_final_3000,Chess.com,puzzles_learning,Puzles y aprendizaje,152,4.197368421052632,5.0,0.13815789473684212,0.8092105263157895,2.0526315789473686,1500,0.10133333333333333
comparable_final_3000,Chess.com,updates_version_changes,Actualizaciones y cambios de versión,23,3.260869565217391,3.0,0.30434782608695654,0.4782608695652174,0.6086956521739131,1500,0.015333333333333332
comparable_final_3000,Lichess,account_access,Cuenta y acceso,92,1.9130434782608696,1.0,0.75,0.15217391304347827,3.1956521739130435,1500,0.06133333333333333
comparable_final_3000,Lichess,ads_pricing_premium,"Anuncios, precio y premium",52,4.711538461538462,5.0,0.038461538461538464,0.9230769230769231,8.403846153846153,1500,0.034666666666666665
comparable_final_3000,Lichess,analysis_tools,Análisis y herramientas,152,3.5921052631578947,4.0,0.23684210526315788,0.5789473684210527,9.598684210526315,1500,0.10133333333333333
comparable_final_3000,Lichess,community_tournaments_social,"Comunidad, torneos y social",105,3.1714285714285713,3.0,0.38095238095238093,0.47619047619047616,4.752380952380952,1500,0.07
comparable_final_3000,Lichess,developer_support,Soporte y respuesta del desarrollador,17,2.8823529411764706,1.0,0.5294117647058824,0.47058823529411764,3.823529411764706,1500,0.011333333333333334
comparable_final_3000,Lichess,fair_play_moderation,"Fair play, trampas y moderación",50,1.46,1.0,0.88,0.08,1.98,1500,0.03333333333333333
comparable_final_3000,Lichess,gameplay_matchmaking,Jugabilidad y emparejamiento,159,2.591194968553459,2.0,0.5283018867924528,0.3522012578616352,6.270440251572327,1500,0.106
comparable_final_3000,Lichess,interface_usability,Interfaz y usabilidad,169,3.1183431952662723,3.0,0.40828402366863903,0.47337278106508873,6.491124260355029,1500,0.11266666666666666
comparable_final_3000,Lichess,performance_stability,"Rendimiento, estabilidad y fallos",102,2.0098039215686274,1.0,0.6764705882352942,0.20588235294117646,7.931372549019608,1500,0.068
comparable_final_3000,Lichess,puzzles_learning,Puzles y aprendizaje,190,3.942105263157895,5.0,0.19473684210526315,0.7105263157894737,7.136842105263158,1500,0.12666666666666668
comparable_final_3000,Lichess,updates_version_changes,Actualizaciones y cambios de versión,195,2.8205128205128207,3.0,0.4717948717948718,0.40512820512820513,7.825641025641025,1500,0.13
fixed_window_2026-03-11_to_2026-04-11,Chess.com,account_access,Cuenta y acceso,56,2.5357142857142856,1.0,0.5714285714285714,0.375,0.5178571428571429,2743,0.02041560335399198
fixed_window_2026-03-11_to_2026-04-11,Chess.com,ads_pricing_premium,"Anuncios, precio y premium",234,2.3846153846153846,2.0,0.6068376068376068,0.32051282051282054,1.2692307692307692,2743,0.08530805687203792
fixed_window_2026-03-11_to_2026-04-11,Chess.com,analysis_tools,Análisis y herramientas,67,2.8358208955223883,3.0,0.44776119402985076,0.44776119402985076,1.6417910447761195,2743,0.024425811155668976
fixed_window_2026-03-11_to_2026-04-11,Chess.com,community_tournaments_social,"Comunidad, torneos y social",123,3.731707317073171,5.0,0.2682926829268293,0.6829268292682927,1.024390243902439,2743,0.044841414509660955
fixed_window_2026-03-11_to_2026-04-11,Chess.com,developer_support,Soporte y respuesta del desarrollador,46,2.108695652173913,1.0,0.717391304347826,0.2391304347826087,1.4565217391304348,2743,0.016769959897921984
fixed_window_2026-03-11_to_2026-04-11,Chess.com,fair_play_moderation,"Fair play, trampas y moderación",87,1.7701149425287357,1.0,0.7471264367816092,0.14942528735632185,0.4827586206896552,2743,0.031717098067808966
fixed_window_2026-03-11_to_2026-04-11,Chess.com,gameplay_matchmaking,Jugabilidad y emparejamiento,237,3.1181434599156117,3.0,0.39662447257383965,0.4810126582278481,0.7426160337552743,2743,0.08640174990885892
fixed_window_2026-03-11_to_2026-04-11,Chess.com,interface_usability,Interfaz y usabilidad,48,2.9791666666666665,3.0,0.4583333333333333,0.4583333333333333,2.2083333333333335,2743,0.017499088589135983
fixed_window_2026-03-11_to_2026-04-11,Chess.com,performance_stability,"Rendimiento, estabilidad y fallos",72,2.263888888888889,2.0,0.6111111111111112,0.2361111111111111,2.0694444444444446,2743,0.026248632883703972
fixed_window_2026-03-11_to_2026-04-11,Chess.com,puzzles_learning,Puzles y aprendizaje,303,4.1650165016501655,5.0,0.1419141914191419,0.7953795379537953,0.7194719471947195,2743,0.11046299671892089
fixed_window_2026-03-11_to_2026-04-11,Chess.com,updates_version_changes,Actualizaciones y cambios de versión,101,2.613861386138614,2.0,0.504950495049505,0.32673267326732675,0.9603960396039604,2743,0.03682099890630696
fixed_window_2026-03-11_to_2026-04-11,Lichess,account_access,Cuenta y acceso,13,2.4615384615384617,2.0,0.6153846153846154,0.3076923076923077,1.6153846153846154,142,0.09154929577464789
fixed_window_2026-03-11_to_2026-04-11,Lichess,ads_pricing_premium,"Anuncios, precio y premium",9,4.777777777777778,5.0,0.0,0.8888888888888888,1.0,142,0.06338028169014084
fixed_window_2026-03-11_to_2026-04-11,Lichess,analysis_tools,Análisis y herramientas,11,4.090909090909091,4.0,0.09090909090909091,0.7272727272727273,1.8181818181818181,142,0.07746478873239436
fixed_window_2026-03-11_to_2026-04-11,Lichess,community_tournaments_social,"Comunidad, torneos y social",13,3.3076923076923075,4.0,0.38461538461538464,0.6153846153846154,1.9230769230769231,142,0.09154929577464789
fixed_window_2026-03-11_to_2026-04-11,Lichess,fair_play_moderation,"Fair play, trampas y moderación",11,1.0909090909090908,1.0,1.0,0.0,1.0909090909090908,142,0.07746478873239436
fixed_window_2026-03-11_to_2026-04-11,Lichess,gameplay_matchmaking,Jugabilidad y emparejamiento,14,2.642857142857143,2.5,0.5,0.35714285714285715,2.2142857142857144,142,0.09859154929577464
fixed_window_2026-03-11_to_2026-04-11,Lichess,interface_usability,Interfaz y usabilidad,13,3.0,3.0,0.38461538461538464,0.38461538461538464,1.0,142,0.09154929577464789
fixed_window_2026-03-11_to_2026-04-11,Lichess,performance_stability,"Rendimiento, estabilidad y fallos",8,2.125,1.5,0.625,0.25,0.75,142,0.056338028169014086
fixed_window_2026-03-11_to_2026-04-11,Lichess,puzzles_learning,Puzles y aprendizaje,21,4.285714285714286,5.0,0.14285714285714285,0.8095238095238095,2.4761904761904763,142,0.14788732394366197
fixed_window_2026-03-11_to_2026-04-11,Lichess,updates_version_changes,Actualizaciones y cambios de versión,14,3.7142857142857144,5.0,0.2857142857142857,0.6428571428571429,4.5,142,0.09859154929577464
